{"stats":{"minecraft:broken":{"minecraft:iron_pickaxe":1},"minecraft:killed_by":{"minecraft:zombie":2},"minecraft:used":{"minecraft:stone_sword":34,"minecraft:stone_shovel":5,"ecologics:walnut_door":2,"minecraft:shield":23,"minecraft:iron_sword":902,"minecraft:wooden_shovel":11,"minecraft:stone_hoe":48,"minecraft:torch":92,"minecraft:yellow_carpet":1,"minecraft:wooden_axe":7,"minecraft:iron_axe":5,"minecraft:hay_block":3,"minecraft:furnace":1,"minecraft:cobbled_deepslate":4,"minecraft:water_bucket":34,"minecraft:stone_pickaxe":95,"minecraft:wooden_pickaxe":6,"minecraft:sugar_cane":4,"minecraft:white_wool":2,"minecraft:crafting_table":15,"minecraft:blast_furnace":1,"minecraft:white_bed":1,"minecraft:shears":8,"minecraft:diamond_pickaxe":2,"minecraft:apple":1,"minecraft:iron_pickaxe":387,"minecraft:bread":57,"minecraft:gravel":2,"ecologics:coconut_slice":2,"minecraft:stone_axe":79,"minecraft:cobblestone":32,"ecologics:coconut_log":2,"minecraft:bucket":35,"quark:oak_chest":1,"minecraft:oak_boat":1,"minecraft:beetroot":1,"minecraft:experience_bottle":1},"minecraft:picked_up":{"luminousworld:groundpebbles_1":6,"minecraft:iron_chestplate":1,"minecraft:crafting_table":3,"minecraft:wheat":68,"born_in_chaos_v1:river_mint":7,"minecraft:wooden_pickaxe":1,"friendsandfoes:buttercup":11,"minecraft:brewing_stand":1,"born_in_chaos_v1:black_argillite":5,"minecraft:string":6,"minecraft:iron_leggings":1,"minecraft:item_frame":1,"minecraft:experience_bottle":3,"minecraft:beetroot":1,"minecraft:smooth_stone":2,"minecraft:cobbled_deepslate":134,"earthmobsmod:duck_egg":3,"minecraft:beef":4,"minecraft:rose_bush":1,"minecraft:iron_pickaxe":2,"minecraft:light_gray_wool":1,"minecraft:sugar_cane":59,"minecraft:iron_boots":2,"minecraft:furnace":2,"minecraft:golden_helmet":1,"minecraft:stick":1,"minecraft:raw_iron":1,"luminousworld:blue_petunias":2,"ecologics:walnut_log":4,"ecologics:coconut_slice":2,"minecraft:oak_fence":2,"minecraft:torch":49,"minecraft:porkchop":1,"minecraft:stone_button":2,"minecraft:carrot":61,"luminousworld:grassflowers":2,"minecraft:arrow":2,"minecraft:rotten_flesh":10,"luminousworld:yellow_grassflowers":2,"minecraft:pumpkin_pie":4,"minecraft:hay_block":84,"ecologics:coconut_log":36,"minecraft:iron_block":1,"minecraft:gold_ingot":4,"supplementaries:ash":2,"minecraft:mutton":1,"minecraft:white_wool":31,"minecraft:cobblestone":93,"minecraft:oxeye_daisy":1,"born_in_chaos_v1:corpse_maggot":2,"ecologics:walnut":3,"minecraft:lilac":1,"ecologics:coconut_planks":43,"luminousworld:ishstone":5,"minecraft:leather":8,"minecraft:golden_leggings":1,"minecraft:smoker":1,"minecraft:potato":23,"minecraft:birch_planks":4,"minecraft:tuff":27,"minecraft:oak_log":4,"luminousworld:purple_petunias":1,"minecraft:dirt":18,"minecraft:lantern":4,"minecraft:cooked_mutton":3,"minecraft:bone":10,"minecraft:stone_bricks":1,"minecraft:wheat_seeds":159,"minecraft:raw_gold":25,"minecraft:iron_ingot":2,"minecraft:grindstone":1,"minecraft:iron_sword":2,"minecraft:oak_planks":104,"minecraft:book":28,"minecraft:dandelion":12,"luminousworld:sunset_petunias":1,"minecraft:gravel":4,"minecraft:blast_furnace":2,"minecraft:white_bed":1,"quark:oak_chest":1,"alexsmobs:animal_dictionary":2,"minecraft:bundle":1,"minecraft:yellow_carpet":1,"minecraft:diamond":4,"luminousworld:yellowpetunias":1,"minecraft:chainmail_leggings":1,"minecraft:iron_helmet":2,"minecraft:emerald":1,"minecraft:oak_button":1,"minecraft:coal":29,"iceandfire:raw_silver":3,"minecraft:sunflower":1},"minecraft:crafted":{"minecraft:golden_carrot":10,"minecraft:oak_planks":16,"minecraft:stone_shovel":1,"ecologics:coconut_planks":104,"ecologics:walnut_planks":8,"minecraft:furnace":1,"minecraft:bookshelf":6,"minecraft:iron_axe":1,"minecraft:stone_pickaxe":1,"minecraft:oak_button":1,"minecraft:stone_hoe":1,"minecraft:wheat":717,"minecraft:wooden_shovel":1,"minecraft:emerald":10,"sophisticatedbackpacks:backpack":2,"iceandfire:silver_ingot":2,"minecraft:crafting_table":12,"minecraft:wooden_pickaxe":1,"minecraft:bucket":1,"minecraft:stone_axe":2,"minecraft:bread":204,"minecraft:air":0,"minecraft:oak_boat":1,"minecraft:string":16,"minecraft:diamond_pickaxe":1,"minecraft:paper":18,"minecraft:charcoal":7,"minecraft:golden_apple":2,"minecraft:gold_nugget":81,"minecraft:shield":2,"minecraft:stick":212,"quark:oak_chest":2,"minecraft:iron_ingot":16,"ecologics:walnut_door":3,"minecraft:wooden_axe":1,"minecraft:stone_sword":1,"minecraft:gold_ingot":25,"minecraft:torch":124,"minecraft:shears":1},"minecraft:dropped":{"minecraft:water_bucket":1,"minecraft:stone_hoe":1,"minecraft:iron_ingot":1,"minecraft:bread":144,"iceandfire:raw_silver":1,"luminousworld:sunset_petunias":1,"minecraft:birch_planks":4,"minecraft:porkchop":1,"minecraft:wheat_seeds":35,"minecraft:golden_helmet":1,"minecraft:oak_fence":2,"minecraft:iron_helmet":1,"minecraft:cobblestone":41,"minecraft:lantern":2,"minecraft:stick":1,"minecraft:dirt":6,"born_in_chaos_v1:river_mint":5,"minecraft:golden_carrot":1,"minecraft:torch":1,"minecraft:mutton":1,"minecraft:wooden_axe":1,"minecraft:rose_bush":1,"minecraft:gold_nugget":1,"minecraft:pumpkin_pie":2,"minecraft:chainmail_leggings":1,"earthmobsmod:duck_egg":3,"ecologics:walnut_log":2,"minecraft:bone":1,"minecraft:furnace":2,"minecraft:stone_axe":2,"ecologics:coconut_planks":24,"minecraft:sugar_cane":20,"alexsmobs:animal_dictionary":3,"ecologics:coconut_log":1,"minecraft:rotten_flesh":3,"minecraft:grindstone":1,"minecraft:light_gray_wool":1,"minecraft:iron_boots":1,"sophisticatedbackpacks:backpack":1,"minecraft:cooked_mutton":3,"minecraft:carrot":22,"luminousworld:yellow_grassflowers":1,"minecraft:potato":5,"supplementaries:ash":2,"luminousworld:grassflowers":1,"minecraft:shield":1,"minecraft:oak_button":1,"luminousworld:groundpebbles_1":4,"born_in_chaos_v1:corpse_maggot":2,"minecraft:golden_leggings":1,"minecraft:arrow":2,"luminousworld:blue_petunias":1,"minecraft:wooden_pickaxe":1,"minecraft:stone_pickaxe":1},"minecraft:custom":{"minecraft:mob_kills":19,"minecraft:animals_bred":2,"minecraft:interact_with_crafting_table":62,"minecraft:open_barrel":1,"minecraft:leave_game":2,"minecraft:time_since_death":67022,"minecraft:climb_one_cm":1900,"minecraft:sprint_one_cm":329269,"minecraft:walk_one_cm":422372,"minecraft:damage_blocked_by_shield":835,"minecraft:drop":109,"minecraft:talked_to_villager":70,"minecraft:play_time":139165,"minecraft:sneak_time":2114,"minecraft:deaths":2,"minecraft:walk_under_water_one_cm":12599,"minecraft:interact_with_brewingstand":1,"minecraft:jump":3306,"minecraft:interact_with_blast_furnace":13,"minecraft:walk_on_water_one_cm":18881,"minecraft:total_world_time":139165,"minecraft:interact_with_furnace":32,"minecraft:traded_with_villager":10,"minecraft:interact_with_loom":2,"minecraft:interact_with_grindstone":1,"minecraft:sleep_in_bed":7,"minecraft:time_since_rest":20499,"minecraft:damage_taken":2485,"minecraft:damage_dealt":3192,"minecraft:player_kills":1,"minecraft:swim_one_cm":12096,"minecraft:fly_one_cm":733927,"minecraft:open_chest":33,"minecraft:crouch_one_cm":2697,"tombstone:undead_killed":9,"minecraft:interact_with_smoker":6,"minecraft:interact_with_smithing_table":1,"minecraft:inspect_dispenser":1,"minecraft:fall_one_cm":101343},"minecraft:killed":{"undead_revamp2:theimmortal":1,"enemyexpansion:equestrian":1,"minecraft:skeleton":2,"earthmobsmod:moolip":2,"minecraft:pig":1,"undead_revamp2:the_moonflower":2,"alexsmobs:seal":1,"minecraft:sheep":1,"minecraft:zombie":1,"iceandfire:ghost":2,"born_in_chaos_v1:corpse_fly":1,"minecraft:cow":3},"minecraft:mined":{"luminousworld:groundpebbles_1":4,"minecraft:tuff":27,"minecraft:white_bed":1,"iceandfire:silver_ore":3,"luminousworld:yellowpetunias":7,"luminousworld:grassvariant_4":11,"minecraft:deepslate_diamond_ore":5,"luminousworld:blue_petunias":3,"minecraft:brewing_stand":1,"minecraft:granite":26,"minecraft:grass_block":3,"minecraft:yellow_carpet":2,"born_in_chaos_v1:black_argillite":5,"luminousworld:grassvariant_2":121,"ecologics:coconut_log":37,"minecraft:oxeye_daisy":2,"luminousworld:groundpebbles_3":1,"minecraft:hay_block":88,"minecraft:smooth_stone":2,"luminousworld:sunset_petunias":4,"luminousworld:yellow_grassflowers":4,"minecraft:carrots":31,"minecraft:furnace":1,"minecraft:fire":1,"minecraft:cobbled_deepslate":1,"minecraft:andesite":4,"minecraft:peony":23,"minecraft:azure_bluet":11,"minecraft:potatoes":14,"minecraft:bookshelf":9,"minecraft:red_tulip":4,"minecraft:deepslate_iron_ore":1,"minecraft:dirt_path":3,"luminousworld:groundpebbles_2":1,"ecologics:walnut_log":4,"minecraft:white_tulip":1,"minecraft:stone":104,"minecraft:iron_block":2,"minecraft:white_wool":7,"minecraft:scaffolding":1,"minecraft:glass_pane":1,"luminousworld:purple_petunias":3,"minecraft:smoker":1,"minecraft:dandelion":27,"minecraft:oak_fence":2,"born_in_chaos_v1:infected_deepslate_diamond_ore":2,"minecraft:crafting_table":4,"minecraft:torch":5,"minecraft:blast_furnace":2,"minecraft:poppy":3,"ecologics:walnut_leaves":1,"minecraft:rose_bush":15,"luminousworld:grassflowers":6,"minecraft:tall_grass":133,"minecraft:cobblestone":6,"friendsandfoes:buttercup":12,"minecraft:grindstone":1,"minecraft:sugar_cane":32,"minecraft:iron_door":1,"minecraft:wall_torch":8,"supplementaries:urn":1,"minecraft:birch_planks":7,"minecraft:wheat":102,"minecraft:lilac":4,"minecraft:orange_tulip":4,"born_in_chaos_v1:river_mint":4,"minecraft:grass":516,"minecraft:coal_ore":28,"minecraft:oak_log":5,"luminousworld:ishstone":4,"minecraft:beetroots":3,"minecraft:gravel":4,"minecraft:dirt":14,"minecraft:sunflower":18,"luminousworld:grassvariant_3":81,"minecraft:cobweb":6,"minecraft:stone_bricks":2,"minecraft:gold_ore":25,"minecraft:oak_leaves":3,"minecraft:deepslate":136,"undead_revamp2:arapholia":1,"luminousworld:white_petunias":2}},"DataVersion":3465}