{"stats":{"minecraft:used":{"minecraft:dirt":4,"minecraft:gravel":1},"minecraft:picked_up":{"minecraft:brown_mushroom":1,"minecraft:wheat_seeds":1,"minecraft:gravel":1,"minecraft:spruce_log":6,"minecraft:sugar_cane":4,"minecraft:dirt":4},"minecraft:mined":{"minecraft:large_fern":6,"minecraft:grass":8,"minecraft:brown_mushroom":1,"minecraft:gravel":1,"minecraft:dirt":4,"minecraft:spruce_log":6,"minecraft:spruce_leaves":2,"minecraft:sugar_cane":1,"minecraft:powder_snow":26},"minecraft:killed_by":{"minecraft:skeleton":1},"minecraft:custom":{"minecraft:time_since_rest":3227,"minecraft:crouch_one_cm":469,"minecraft:play_time":8040,"minecraft:sprint_one_cm":28179,"minecraft:deaths":1,"minecraft:damage_taken":340,"minecraft:walk_one_cm":13750,"minecraft:sneak_time":232,"minecraft:walk_under_water_one_cm":1130,"minecraft:jump":252,"minecraft:damage_dealt":33,"minecraft:leave_game":1,"minecraft:time_since_death":3165,"minecraft:walk_on_water_one_cm":1415,"minecraft:total_world_time":8040,"minecraft:swim_one_cm":901,"minecraft:fly_one_cm":58048,"minecraft:fall_one_cm":8632}},"DataVersion":3120}