{"stats":{"minecraft:broken":{"minecraft:iron_pickaxe":2},"minecraft:killed_by":{"minecraft:player":1,"undead_revamp2:thehorrors":1,"minecraft:witch":1},"minecraft:used":{"quark:birch_chest":1,"luminousworld:whiteoaklog":7,"minecraft:shield":22,"minecraft:iron_sword":218,"minecraft:cooked_salmon":2,"minecraft:iron_chestplate":3,"minecraft:stick":1,"minecraft:torch":123,"minecraft:dirt":22,"luminousworld:grassflowers":1,"minecraft:chainmail_chestplate":4,"minecraft:iron_axe":216,"minecraft:item_frame":1,"minecraft:furnace":3,"minecraft:cooked_cod":3,"tombstone:gift":4,"minecraft:wheat_seeds":5,"minecraft:cooked_mutton":3,"minecraft:water_bucket":10,"minecraft:diorite":8,"minecraft:birch_planks":20,"minecraft:stone_pickaxe":122,"minecraft:baked_potato":7,"minecraft:oak_planks":20,"minecraft:wooden_pickaxe":36,"luminousworld:ishstone":4,"minecraft:white_wool":1,"minecraft:glow_berries":4,"minecraft:crafting_table":8,"minecraft:bread":62,"minecraft:iron_pickaxe":727,"minecraft:stone_axe":107,"ecologics:coconut_slice":4,"minecraft:cobblestone":83,"minecraft:andesite":4,"minecraft:bucket":12,"quark:oak_chest":5},"minecraft:crafted":{"minecraft:oak_planks":464,"quark:birch_chest":1,"ecologics:coconut_planks":32,"ecologics:walnut_planks":16,"minecraft:furnace":2,"minecraft:iron_axe":1,"luminousworld:white_oak_plank":44,"minecraft:stone_pickaxe":1,"minecraft:cooked_cod":3,"minecraft:emerald":3,"minecraft:crafting_table":5,"minecraft:wooden_pickaxe":1,"minecraft:baked_potato":7,"minecraft:cooked_salmon":2,"minecraft:birch_planks":24,"minecraft:stone_axe":1,"minecraft:air":0,"minecraft:iron_chestplate":1,"minecraft:stick":144,"quark:oak_chest":5,"minecraft:iron_ingot":39,"minecraft:iron_pickaxe":4,"minecraft:torch":176},"minecraft:picked_up":{"born_in_chaos_v1:diamond_termite_shard":6,"minecraft:seagrass":2,"luminousworld:groundpebbles_1":4,"minecraft:wheat":11,"minecraft:crafting_table":3,"minecraft:allium":2,"born_in_chaos_v1:river_mint":1,"minecraft:clay_ball":3,"minecraft:stone_slab":1,"minecraft:shield":1,"born_in_chaos_v1:black_argillite":101,"minecraft:raw_copper":11,"minecraft:item_frame":1,"minecraft:experience_bottle":3,"minecraft:cobbled_deepslate":137,"minecraft:bucket":1,"minecraft:beef":6,"minecraft:rose_bush":3,"minecraft:poppy":1,"minecraft:furnace":3,"minecraft:raw_iron":68,"minecraft:stick":1,"luminousworld:auburnlog":6,"ecologics:walnut_log":4,"ecologics:coconut_slice":4,"minecraft:oak_fence":2,"minecraft:torch":13,"sophisticatedbackpacks:backpack":1,"minecraft:porkchop":2,"tombstone:grave_dust":5,"minecraft:diorite":19,"born_in_chaos_v1:pieceofdarkmetal":3,"minecraft:carrot":16,"minecraft:redstone":26,"luminousworld:white_oak_sapling":1,"luminousworld:grassflowers":4,"minecraft:arrow":1,"minecraft:rotten_flesh":29,"luminousworld:yellow_grassflowers":1,"minecraft:beetroot_seeds":1,"minecraft:peony":5,"ecologics:coconut_log":8,"minecraft:glow_berries":2,"undead_revamp2:arapholia":1,"minecraft:white_wool":2,"minecraft:cobblestone":263,"minecraft:birch_log":6,"born_in_chaos_v1:corpse_maggot":3,"ecologics:walnut":2,"minecraft:lilac":4,"minecraft:golden_carrot":1,"minecraft:glow_ink_sac":1,"minecraft:andesite":9,"luminousworld:ishstone":11,"alexsmobs:bison_fur":2,"minecraft:potato":3,"minecraft:birch_planks":9,"minecraft:flint":2,"minecraft:tuff":20,"minecraft:oak_log":123,"minecraft:chainmail_chestplate":1,"minecraft:gunpowder":1,"minecraft:lapis_lazuli":44,"minecraft:dirt":37,"minecraft:cooked_mutton":4,"minecraft:bone":2,"minecraft:apple":2,"minecraft:wheat_seeds":47,"luminousworld:elephant_grass":1,"alexsmobs:cockroach_wing_fragment":1,"minecraft:raw_gold":12,"minecraft:grindstone":1,"minecraft:oak_planks":3,"minecraft:iron_sword":1,"minecraft:smooth_basalt":3,"minecraft:dandelion":2,"minecraft:gravel":26,"minecraft:white_bed":1,"alexsmobs:animal_dictionary":1,"luminousworld:whiteoaklog":29,"minecraft:diamond":1,"minecraft:stone_axe":1,"minecraft:granite":5,"minecraft:grass":2,"minecraft:bread":83,"tombstone:magic_scroll":1,"minecraft:oak_sapling":4,"minecraft:coal":174,"iceandfire:raw_silver":2},"minecraft:dropped":{"minecraft:iron_ingot":1,"minecraft:wheat_seeds":6,"minecraft:porkchop":2,"minecraft:golden_helmet":1,"minecraft:lilac":1,"minecraft:glow_ink_sac":1,"minecraft:iron_helmet":1,"minecraft:granite":2,"born_in_chaos_v1:river_mint":1,"minecraft:torch":32,"minecraft:iron_pickaxe":1,"minecraft:bucket":1,"minecraft:dandelion":2,"minecraft:smooth_basalt":2,"ecologics:coconut_planks":23,"minecraft:rotten_flesh":5,"minecraft:oak_planks":104,"luminousworld:yellow_grassflowers":1,"luminousworld:grassflowers":2,"minecraft:iron_chestplate":1,"luminousworld:groundpebbles_1":4,"minecraft:andesite":2,"born_in_chaos_v1:corpse_maggot":2,"minecraft:golden_leggings":1,"minecraft:oak_sapling":4},"minecraft:custom":{"minecraft:interact_with_smithing_table":7,"minecraft:mob_kills":48,"minecraft:interact_with_crafting_table":36,"minecraft:open_barrel":3,"minecraft:damage_dealt_resisted":20,"minecraft:leave_game":1,"minecraft:time_since_death":64873,"minecraft:climb_one_cm":2313,"minecraft:sprint_one_cm":543736,"minecraft:walk_one_cm":479117,"minecraft:damage_blocked_by_shield":855,"minecraft:drop":41,"minecraft:talked_to_villager":13,"minecraft:play_time":143121,"minecraft:deaths":3,"minecraft:sneak_time":2051,"minecraft:walk_under_water_one_cm":4577,"minecraft:jump":3674,"minecraft:walk_on_water_one_cm":16791,"minecraft:total_world_time":143121,"minecraft:interact_with_furnace":34,"tombstone:raider_killed":2,"minecraft:traded_with_villager":3,"minecraft:sleep_in_bed":6,"minecraft:time_since_rest":21535,"minecraft:damage_taken":3854,"minecraft:damage_dealt":9044,"minecraft:fly_one_cm":741948,"minecraft:open_chest":50,"minecraft:crouch_one_cm":5062,"tombstone:undead_killed":17,"minecraft:interact_with_smoker":7,"minecraft:fall_one_cm":101226},"minecraft:killed":{"undead_revamp2:theimmortal":1,"undead_revamp2:thegliter":1,"undead_revamp2:thesmoker":1,"enemyexpansion:direwolf":5,"born_in_chaos_v1:maggot":5,"minecraft:skeleton":1,"takesapillage:clay_golem":1,"minecraft:silverfish":2,"alexsmobs:bison":1,"born_in_chaos_v1:barrel_zombie":1,"born_in_chaos_v1:diamond_termite":6,"undead_revamp2:the_moonflower":3,"enemyexpansion:sprinter":1,"minecraft:creeper":1,"born_in_chaos_v1:decrepit_skeleton":1,"undead_revamp2:thebidyupside":1,"born_in_chaos_v1:bloody_gadfly":1,"minecraft:pillager":2,"undead_revamp2:thesomnolence":1,"alexsmobs:cockroach":1,"minecraft:zombie":7,"enemyexpansion:botfly":3},"minecraft:mined":{"luminousworld:groundpebbles_1":3,"minecraft:tuff":20,"minecraft:white_bed":2,"iceandfire:silver_ore":1,"quark:yellow_blossom_leaves":12,"luminousworld:grassvariant_4":4,"luminousworld:autumnleaves":1,"born_in_chaos_v1:infected_diamond_ore":3,"minecraft:granite":3,"born_in_chaos_v1:dark_metal_deposit":3,"minecraft:grass_block":18,"born_in_chaos_v1:black_argillite":101,"ecologics:coconut_leaves":2,"luminousworld:grassvariant_2":34,"luminousworld:whiteoakleaves":5,"ecologics:coconut_log":8,"minecraft:redstone_ore":5,"minecraft:furnace":2,"minecraft:iron_ore":69,"minecraft:andesite":7,"minecraft:deepslate_iron_ore":2,"luminousworld:groundpebbles_2":1,"ecologics:walnut_log":4,"minecraft:stone":254,"minecraft:deepslate_redstone_ore":1,"quark:oak_chest":1,"luminousworld:purple_petunias":1,"minecraft:dandelion":2,"born_in_chaos_v1:infected_deepslate_diamond_ore":2,"minecraft:crafting_table":3,"minecraft:torch":1,"luminousworld:savannah_grass_1":1,"minecraft:poppy":1,"ecologics:walnut_leaves":3,"minecraft:rose_bush":2,"luminousworld:auburnlog":7,"minecraft:stone_slab":1,"luminousworld:grassflowers":3,"minecraft:cobblestone":13,"minecraft:tall_grass":30,"minecraft:copper_ore":3,"minecraft:diorite":12,"minecraft:wall_torch":2,"supplementaries:urn":1,"luminousworld:whiteoaklog":29,"minecraft:birch_planks":10,"minecraft:birch_log":6,"minecraft:wheat":2,"minecraft:lilac":4,"minecraft:birch_leaves":3,"born_in_chaos_v1:river_mint":2,"minecraft:grass":192,"minecraft:coal_ore":174,"minecraft:oak_log":123,"luminousworld:ishstone":11,"minecraft:gravel":16,"minecraft:sand":1,"minecraft:dirt":20,"luminousworld:grassvariant_3":29,"minecraft:smooth_basalt":1,"minecraft:gold_ore":5,"luminousworld:elephant_grass":1,"minecraft:oak_leaves":92,"minecraft:deepslate":136,"minecraft:infested_stone":1}},"DataVersion":3465}