{"stats":{"minecraft:broken":{"minecraft:wooden_pickaxe":1,"minecraft:stone_pickaxe":3},"minecraft:killed_by":{"undead_revamp2:theimmortal":1,"enemyexpansion:sprinter":1,"minecraft:skeleton":1,"minecraft:witch":2,"minecraft:zombie":4,"undead_revamp2:thesmoker":1,"enemyexpansion:invisicreeper":1},"minecraft:used":{"minecraft:oak_trapdoor":2,"minecraft:stone_sword":6,"minecraft:iron_sword":177,"minecraft:stone_hoe":84,"minecraft:rotten_flesh":1,"minecraft:torch":16,"minecraft:dirt":9,"minecraft:hopper":3,"minecraft:chainmail_chestplate":1,"minecraft:carrot":18,"minecraft:glass":5,"quark:deepslate_furnace":1,"minecraft:tripwire_hook":4,"minecraft:furnace":2,"tombstone:gift":2,"minecraft:wheat_seeds":59,"minecraft:water_bucket":25,"minecraft:stone_pickaxe":394,"minecraft:wooden_pickaxe":59,"minecraft:composter":1,"minecraft:sand":1,"minecraft:crafting_table":6,"minecraft:lever":1,"sophisticatedbackpacks:backpack":2,"minecraft:bread":15,"minecraft:string":6,"minecraft:iron_pickaxe":187,"minecraft:stone_axe":50,"ecologics:coconut_slice":2,"luminousworld:sunset_petunias":1,"minecraft:cobblestone":205,"minecraft:bucket":25,"quark:oak_chest":5,"alexsmobs:animal_dictionary":1,"minecraft:cobweb":5},"minecraft:crafted":{"minecraft:oak_planks":60,"minecraft:tripwire_hook":2,"ecologics:coconut_planks":8,"ecologics:walnut_planks":12,"minecraft:furnace":3,"minecraft:lever":1,"quark:deepslate_furnace":1,"minecraft:hopper":1,"minecraft:glass":17,"minecraft:stone_pickaxe":3,"minecraft:stone_hoe":1,"sophisticatedbackpacks:backpack":1,"minecraft:crafting_table":4,"minecraft:wooden_pickaxe":1,"minecraft:stone_axe":1,"minecraft:bread":16,"minecraft:air":0,"minecraft:stick":20,"quark:oak_chest":5,"minecraft:iron_ingot":19,"minecraft:iron_pickaxe":1,"minecraft:stone_sword":1,"minecraft:torch":12},"minecraft:picked_up":{"luminousworld:groundpebbles_1":8,"minecraft:crafting_table":2,"minecraft:wheat":109,"ecologics:seashell":2,"born_in_chaos_v1:black_argillite":9,"minecraft:oak_trapdoor":6,"minecraft:string":16,"minecraft:raw_copper":8,"minecraft:cobbled_deepslate":163,"minecraft:spruce_planks":1,"minecraft:beef":5,"minecraft:rose_bush":2,"minecraft:egg":6,"minecraft:stick":1,"minecraft:raw_iron":22,"luminousworld:auburnlog":7,"ecologics:walnut_log":3,"ecologics:coconut_slice":2,"minecraft:composter":1,"minecraft:torch":16,"sophisticatedbackpacks:backpack":2,"tombstone:grave_dust":1,"minecraft:diorite":10,"minecraft:carrot":8,"luminousworld:grassflowers":5,"minecraft:rotten_flesh":4,"luminousworld:yellow_grassflowers":3,"minecraft:peony":1,"ecologics:coconut_log":2,"minecraft:iron_block":1,"minecraft:pink_tulip":1,"supplementaries:ash":6,"minecraft:cobblestone":234,"born_in_chaos_v1:corpse_maggot":2,"minecraft:lilac":1,"minecraft:tripwire_hook":2,"minecraft:water_bucket":2,"minecraft:andesite":39,"luminousworld:ishstone":2,"minecraft:leather":4,"minecraft:potato":4,"minecraft:tuff":16,"minecraft:oak_log":15,"minecraft:chainmail_chestplate":1,"minecraft:gunpowder":2,"minecraft:lapis_lazuli":44,"minecraft:dirt":37,"tombstone:gift":2,"minecraft:wheat_seeds":200,"minecraft:raw_gold":9,"minecraft:iron_ingot":1,"luminousworld:white_petunias":1,"minecraft:iron_sword":1,"luminousworld:sunset_petunias":2,"minecraft:sand":18,"minecraft:spruce_sapling":1,"minecraft:white_bed":2,"quark:oak_chest":3,"minecraft:diamond":4,"minecraft:iron_helmet":1,"minecraft:granite":62,"minecraft:bread":64,"minecraft:coal":46,"minecraft:hopper":2,"minecraft:sunflower":1},"minecraft:dropped":{"minecraft:iron_sword":1,"minecraft:lilac":1,"luminousworld:ishstone":2,"minecraft:diamond":1,"luminousworld:white_petunias":1,"minecraft:cobblestone":1,"minecraft:granite":45,"born_in_chaos_v1:black_argillite":9,"minecraft:diorite":10,"minecraft:rose_bush":2,"tombstone:grave_dust":3,"minecraft:sunflower":1,"minecraft:string":1,"minecraft:spruce_sapling":1,"minecraft:cobbled_deepslate":15,"minecraft:rotten_flesh":2,"minecraft:iron_boots":1,"supplementaries:ash":2,"minecraft:peony":1,"luminousworld:groundpebbles_1":8,"minecraft:andesite":27,"ecologics:coconut_husk":2,"minecraft:raw_gold":7,"ecologics:seashell":1,"minecraft:egg":6},"minecraft:custom":{"minecraft:mob_kills":26,"minecraft:interact_with_crafting_table":25,"minecraft:bell_ring":8,"minecraft:damage_dealt_resisted":60,"minecraft:leave_game":4,"minecraft:time_since_death":9367,"minecraft:climb_one_cm":2775,"minecraft:sprint_one_cm":452676,"minecraft:walk_one_cm":335020,"minecraft:drop":30,"minecraft:talked_to_villager":12,"minecraft:play_time":136985,"minecraft:deaths":12,"minecraft:sneak_time":5305,"minecraft:walk_under_water_one_cm":10265,"minecraft:jump":2252,"minecraft:walk_on_water_one_cm":49076,"minecraft:total_world_time":136985,"minecraft:interact_with_furnace":15,"minecraft:sleep_in_bed":4,"minecraft:time_since_rest":7854,"minecraft:damage_taken":4010,"minecraft:damage_dealt":6313,"minecraft:swim_one_cm":45132,"minecraft:fly_one_cm":490043,"minecraft:open_chest":26,"minecraft:crouch_one_cm":17273,"tombstone:undead_killed":12,"minecraft:fall_one_cm":39116},"minecraft:killed":{"alexsmobs:lobster":2,"undead_revamp2:theimmortal":3,"undead_revamp2:thegliter":2,"enemyexpansion:equestrian":1,"enemyexpansion:direwolf":1,"born_in_chaos_v1:maggot":2,"earthmobsmod:zombified_rabbit":1,"minecraft:zombie":5,"ecologics:squirrel":1,"born_in_chaos_v1:corpse_fly":3,"enemyexpansion:botfly":2,"minecraft:cow":2},"minecraft:mined":{"luminousworld:white_petunias":1,"luminousworld:groundpebbles_1":3,"minecraft:tuff":14,"minecraft:spruce_planks":1,"minecraft:white_bed":1,"minecraft:deepslate_diamond_ore":3,"minecraft:granite":53,"minecraft:grass_block":20,"born_in_chaos_v1:black_argillite":9,"luminousworld:grassvariant_2":1,"ecologics:coconut_log":2,"minecraft:spruce_leaves":7,"minecraft:hopper":2,"minecraft:composter":1,"minecraft:hay_block":1,"luminousworld:sunset_petunias":2,"minecraft:oak_trapdoor":6,"minecraft:andesite":39,"minecraft:deepslate_iron_ore":22,"minecraft:dirt_path":1,"minecraft:pink_tulip":1,"ecologics:walnut_log":3,"minecraft:stone":199,"minecraft:iron_block":1,"sophisticatedbackpacks:backpack":2,"minecraft:tripwire":4,"quark:oak_chest":3,"minecraft:crafting_table":2,"ecologics:walnut_leaves":3,"luminousworld:auburnlog":7,"minecraft:tall_grass":3,"minecraft:copper_ore":2,"minecraft:cobblestone":34,"minecraft:lapis_ore":7,"minecraft:deepslate_gold_ore":2,"minecraft:oak_planks":1,"minecraft:diorite":24,"minecraft:wall_torch":2,"supplementaries:urn":2,"ecologics:seashell":1,"minecraft:grass":14,"minecraft:oak_log":16,"minecraft:coal_ore":46,"luminousworld:ishstone":14,"minecraft:sunflower":1,"minecraft:sand":19,"minecraft:dirt":22,"luminousworld:grassvariant_3":5,"minecraft:cobweb":8,"minecraft:tripwire_hook":2,"minecraft:oak_leaves":5,"minecraft:deepslate":151}},"DataVersion":3465}